artist|song|youtube_key
!!!|Slyd|l1GnHqNaoRM
!!!|One Girl / One Boy|STz5dlEJ6ZI
(Crosses) +++|Bitches Brew|
44th Sunset|Caesar|L7F_PRrtDEs
65daysofstatic|Blackspots|oRlhBB0Y_BE
A Day To Remember|Right Back At It Again|rbiOz51b43Y
A Day To Remember|City Of Ocala|f3Sl1lL1ybY
A$AP Rocky|Hell {Ft. Santigold}|Ayu6907JZZg
A$AP Rocky|Wild For The Night {Ft. Skrillex}|1eWdbMBYlH4
A$AP Rocky|Fashion Killa|/results?search_query=Fashion+Killa+ASAP+Rocky
A$AP Rocky|F**kin' Problems {Ft. Drake, 2 Chainz  Kendrick Lamar}|liZm1im2erU
A-Trak|Disco Nap|5QWPzWrb-a0
AFI|I Hope You Suffer|DSNyOYT3dJ8
AFI|17 Crimes|Y9Vh8XGgqjE
Abbe May|T.R.O.U.B.L.E.|Qs-j9ZEApLQ
Abbe May|Perth Girls|Iq0yBgHlW6s
Abbe May|Sex Tourette's|_TPutu0CcGg
Abbe May|Pony {Like A Version}|2-tqPsx7z5o
Action Bronson|Strictly 4 My Jeeps|yfP7qK0khuQ
Active Child|Evening Ceremony|fkj5wz8oiiY
Adalita|All Day Venus|QkllvDM7ysY
Adalita|Trust Is Rust|1rH62UXAB28
Against Me!|FUCKMYLIFE666|5kZPISrHCDA
Ainslie Wills|Weighing The Promises|HWTyApl-gQI
Ainslie Wills|Lemon Japan|GFSz9TVXLCY
Alex Winston|101 Vultures|HR_pX5jyPKQ
Alison Wonderland|Get Ready|WOqmOCOonV0
Alkaline Trio|She Lied To The FBI|L611BmxKNhU
All Day|Girl in the Sun (feat. Brady James)|9LxQAn3BpgM
All The Colours|Second To None|bonpY7qgIFk
Allday|Girl In The Sun|9LxQAn3BpgM
Allday|Claude Monet|mGp5oA1fd28
Alunageorge|You Know You Like It|FWR9MR5juWI
Alunageorge|Attracting Flies|7d_HD89ZlJE
Amali Ward|Knock You Out|ZLxtdTiQfcY
Amity Affliction, The|Born To Die|1mzbMhr0L2Y
Ancients, The|Hey Now|ceFK1BAFkcc
Andy Bull|Keep On Running|JSGUxRWR_r8
Andy Bull|Baby I Am Nobody Now|u1iFJg7TMoA
Angel Haze|No Bueno|EbyjbUdNhNI
Angel Haze|Echelon (It's My Way)|GMw65FwtlOI
Angel Olsen|Forgiven/Forgotten|PinTAGbIsV4
Anna Calvi|Eliza|20gmnV5Xkro
Apes|Helluva Time|21B5WPAKpZ8
Apes|Seven|EDQVa9DmJGw
Arcade Fire|Afterlife|r75BFcH4u2k
Arcade Fire|It's Never Over (Oh Orpheus)|2BeyS5m23Eg
Arcade Fire|You Already Know|_Pi572SlAT0
Arcade Fire|Joan Of Arc|ERYbBwEUyj4
Arcade Fire|Porno|FfIZPF5g-RE
Arcade Fire|Here Comes The Night Time|_fFAKrIntzY
Arcade Fire|Reflektor|7E0fVfectDo
Arcade Fire|We Exist|L35rpdiHH_8
Arcade Fire|Normal Person|wEcu3-fxZSE
Architecture In Helsinki|Dream A Little Crazy|up9eS71OwQ0
Architecture In Helsinki|In The Future|vlRp5650xok
Arctic Monkeys|Why'd You Only Call Me When You're High?|6366dxFf-Os
Arctic Monkeys|Do I Wanna Know?|bpOSxM0rNPM
Arctic Monkeys|No. 1 Party Anthem|VFXov8VaTiI
Arctic Monkeys|One For The Road|qN7gSMPQFss
Arctic Monkeys|Arabella|JoKd98AslF4
Arctic Monkeys|R U Mine?|VQH8ZTgna3Q
Arctic Monkeys|Snap Out Of It|RMuWjlDxpBM
Arctic Monkeys|I Want It All|SDTxuAEPfdY
Arctic Monkeys|Mad Sounds|J_-FwyoeV3E
Arctic Monkeys|Fireside|PG8yTUeptFU
Armin Van Buuren|Waiting For The Night|qXFBXSPk6JI
Ash Grunwald|Feel Good Inc. {Ft. Urthboy And Scott  Andy From The Living End {Like A Version}|gOklECilhNs
Ash Grunwald|The Last Stand|5uCmoVmAWS4
Asking Alexandria|Poison|92gKGj-9aUI
Asking Alexandria|The Road|Ew9RW9yngWA
Asking Alexandria|Don't Pray For Me|a6AqJzaBR6I
Asking Alexandria|Creature|R_Ki0eYr9Vg
Asta|Holdin On {Like A Version}|/results?search_query=Holding+On+%7BLike+A+Version%7D+Asta
Asta|I Need Answers|kZnqOFcX--0
Aston Shuffle, The|Comfortable {Ft. Will Heard}|LqAF832WSi0
Aston Shuffle, The|Tear It Down|cpY29JcWxEw
Atlas Genius|Centred On You|vf39NInxM_A
Atoms For Peace|Ingenue|DpVfF4U75B8
Atoms For Peace|Judge Jury And Executioner|r4tW3mhp9io
Atoms For Peace|Reverse Running|ayNljo-DQTs
Au Revoir Simone|Somebody Who|kwvvlTKi5cE
Austra|Painful Like|GQfbw6e2Yz4
Austra|Home|ODyWKkDBb4U
Austra|Forgive Me|bjL0eYrdEeQ
Autre Ne Veut|Play By Play|LFiupWwIZMY
Autre Ne Veut|Counting|_qhHUmL0U6k
Avalanches, The|Stalking To A Stranger {Planets Collide Remix}|O0yS0E8mDBg
Avicii|Wake Me Up|IcrbM1l_BoI
Avicii|You Make Me|Wb5VOQexMBU
Avicii|Hey Brother|YxIiPLVR6NA
Avicii and Nicky Romero|I Could Be the One|bek1y2uiQGA
Babe Rainbow, The|Love Forever|Iyx3u15i2KM
Bad//Dreems|Hoping For|ljZZLetR2RE
Bad//Dreems|Caroline|mbaBiV_gR7Q
Baio|Mira|feaFllGZ-H0
Balance And Composure|Reflection|E5s1j0XfFjc
Bam Bam|Bags Packed {Ft. Allday}|5YWc3TLa3QA
Bam Bam feat. Allday, Bam Bam, Allday|Bags Packed|5YWc3TLa3QA
Bamboos, The|Helpless Blues|
Bamboos, The|Avenger|sVjgNC6QHyA
Band Of Skulls|Asleep At The Wheel|sRm7OS258DU
Baptism Of Uzi|Stray Current|2x9B0Yx_sw4
Barbarossa|Turbine|4vGrZiij8yg
Basics, The|So Hard For You|bnDf9zLiUII
Bastille|Pompeii|F90Cw4l-8NY
Battleships|Take Your Rest|YmXLKbBuMio
Bear's Den|Writing On The Wall|5FUs2tOPxFY
Ben Harper and Charlie Musselwhite|I ride at dawn|ThEymP4Asyc
Ben Howard|Oates in the Water|
Ben Pearce|What I Might Do|FcKzmy02Kpo
Beni|Love On The Run|UZQhSGrzxbM
Bennies, The|Highrider|ZthMlL5Or_Y
Bernard Fanning|Battleships|RpuXbFEVnvw
Best Coast|Fear Of My Identity|UFg1adJDn7A
Best Coast|I Don't Know How|3-c8WOprJjE
Bibio|You Won't Remember...|gfevRvYHPfg
Bibio|A Tout A L'Heure|
Big Black Delta|Money Rain Down|IBHFZ6wNQzI
Big Black Delta|Side Of The Road|vz8yif7FWDU
Big Scary|Luck Now|K_EjSuYWzxA
Big Scary|Invest|LXPZTmQJs8o
Big Scary|Harmony Sometimes|FmJHB0-f6_U
Big Scary|Belgian Blues|3pHuTBjZLnw
Big Scary|Why Hip Hop Sucks in '13|fBM9QtE_-0A
Big Scary|Twin Rivers|r_sCYIEasOM
Big Scary|Phil Collins|N9HIgE6_H0E
Big Scary|Hello, My Name Is|-vKuf9NzYnY
Big Sean|Control (Ft. Kendrick Lamar  Jay Electronica)|
Birds Of Tokyo|Lanterns|mbJ3vacGOhw
Birds Of Tokyo|The Others|A9OGH6KBIR0
Birds Of Tokyo|White Leaves|IaLiT6UdR0M
Birds Of Tokyo|Sirin|klTVAjSRbVU
Birds Of Tokyo|Liquid Arms|tQD8GXV5MDM
Birds Of Tokyo|When The Night Falls Quiet|6oLOLbwvK6c
Birds Of Tokyo|Hounds|g17OXmZaHYU
Birds Of Tokyo|Swimming Pools (Drank) {Like A Version}|ZMvCkXgUUjY
Black Angels, The|Don't Play With Guns|RoNB1NW2u0A
Black Lips|Cruising|nlleHEmgMJg
Black Veil Brides|In The End|f0EQlIzPowM
Black Veil Brides|Unbroken|RiQbLGI0aFA
Black Veil Brides|Lost It All|_g7Y-c9fI0k
Black Veil Brides|Wretched and Divine|YIh1X1G2csA
Bleeding Knees Club|Feel|yLdIV0HGsl0
Blink-182|When I Was Young|J-KPCHuxAV8
Bliss N Eso|Can't Get Rid Of This Feeling {Ft. Daniel Merriweather}|mKJD5NrDOsU
Bliss N Eso|House Of Dreams|FdTW6nzWbTE
Bliss N Eso|Reservoir Dogs {Ft. 360, Pez, Seth Sentry  Drapht}|Lv-If1xZx80
Bliss N Eso|I Am Somebody {Ft. Nas}|3ODETi36PHo
Bliss N Eso|My Life {Ft. Ceekay Jones}|r34MG8b_Z3A
Bliss N Eso|Next Frontier|WHidfZLmojA
Bliss N Eso|Act Your Age|UIK-Sdrzpqc
Bliss N Eso|Home Is Where The Heart Is|4q2CBv9vatY
Bliss n Eso|I Am Somebody (feat. Nas)|3ODETi36PHo
Bloc Party|Ratchet|Q3EEaPj-5qs
Blood Orange|Chamakay|DfZMvTHJLUs
Blood Orange|You're Not Good Enough|NbZ3s8XWJlA
Bloods|Into My Arms|EWZ9gZQYOTk
Bloody Beetroots, The|Please Baby {Ft. P-Thugg Of Chromeo}|ApWWkikEKZg
Bloody Beetroots, The|Spank {Ft. Tai  Bart B More}|S9DMzUVw4C8
Bloody Beetroots, The|All The Girls (Around The World) {Ft. Theophilus London}|xpZ8tjAxd8c
Bloody Beetroots, The|Out Of Sight {Ft. Paul Mccartney  Youth}|yhIPGuGUPl4
Bluejuice|S.O.S.|2YnWgB0xf3I
Boards Of Canada|Cold Earth|XdglpRwhoQE
Bob Evans|Disparate Youth {Like A Version}|NaouOgkMzqg
Bob Evans|Go|jmSjUM38lEw
Bohicas, The|Xxx|3l1joxKzJ-k
Bombay Bicycle Club|Carry Me|OZCfqhRgJ0Q
Bombino|Azamane Tiliade|Ss9Znucx4GM
Bombino|Amidinine|
Bonjah|Evolution|G2a7NG-9a2I
Bonjah|Blue Tone Black Heart|YIo81XF88x8
Bonjah|Royals {Like A Version}|fkj7W0VzRik
Bonobo|Cirrus|WF34N4gJAKE
Booka Shade|Love, Inc.|UWJbT9djaYA
Boomgates|Widow Maker|_mjUpjsEMyw
Bored Nothing|Let Down|jp-_3pmToAY
Bored Nothing|Darcy|
Bored Nothing|I Wish You Were Dead|-d3v1AsBKxA
Bored Nothing|Just Another Maniac|RPIqnDDgBFQ
Born Lion|D For Danger|M5sa2CnCdzo
Born Ruffians|Rage Flows|IKV0exEZ-Ko
Born Ruffians|Needle|0BlZVFqUoJ4
Bosnian Rainbows|Torn Maps|9OKMxFa51ko
Boy  Bear|Three Headed Woman|J1G-SpNilKA
Boy  Bear|Harlequin Dream|v4_8N828gAc
Boy  Bear|Bridges|5dziXU_TfkM
Boy  Bear|A Moment's Grace|uYzap7g_QyE
Boy  Bear|Real Estate|4xLy0nA7jfs
Boy  Bear|Old Town Blues|tFhE5rPsQJ4
Boy  Bear|Southern Sun|M3q_SchLR0I
Boy  Bear|Arrow Flight|HTUP2cxUSCQ
Boy And Bear|Southern Sun|M3q_SchLR0I
Brad Neely|Queeblo 001 - Whopper and a Forty|r7ANZ8Osnz4
Brendan Maclean|Stupid|1hww3n1cqnM
Breton|Got Well Soon|ReCdPcaDn4M
Bring Me The Horizon|Empire (Let Them Sing)|sA5hj7wuJLQ
Bring Me The Horizon|Go To Hell, For Heavens Sake|
Bring Me The Horizon|And The Snakes Start To Sing|wGybtBhVZXk
Bring Me The Horizon|Shadow Moses|-k9qDxyxS3s
Bring Me The Horizon|Sleepwalking|lir3dzYIhz0
Bring Me The Horizon|The House Of Wolves|TN4GjxT1NDQ
Bring Me The Horizon|Can You Feel My Heart|QJJYpsA5tv8
British India|Blinded|IWBP76BdyUI
British India|Plastic Souvenirs|loByuIXY8tw
British India|Your Woman {Like A Version}|MOUWYgpTgIY
British India|Summer Forgive Me|HOQPV8g_tGc
Broken Bells|Holding On For Life|uBlRcLfHVAk
Bronx, The|Youth Wasted|ESxWWvbzlzc
Broods|Bridges|Mkk_pCcrP24
Buchanan|Human Spring|-fokIF1fhLs
Buchanan|Thinkin Bout You {Like A Version}|xLrDzFIhIgo
Bus Vipers|Lonely Ghost|RVNZkOopKnM
Busta Rhymes|Thank You {Ft. Q-Tip, Kanye West  Lil Wayne}|QhIrzbhEGvs
Butterfly Effect|Eyes Down|akbGHl480Qc
Cage The Elephant|Take It Or Leave It|lltC19f7xr4
Cage The Elephant|Come A Little Closer|KVYup3Qwh8Q
Cage The Elephant|Halo|M9jZGFrQMqE
Cage The Elephant|Black Widow|d4iwU4q0iCs
Cage The Elephant|Spiderhead|z8DOKTX4EFY
Cage The Elephant|Telescope|AcMJ5AVIlZA
Cage The Elephant|It's Just Forever {Ft. Alison Mosshart}|c8_4sH72DDs
Cairos, The|Obsession|6VqXriEc_4E
Cakes Da Killa|High Tides|frtkLCImAWY
Calling All Cars|Werewolves|FJTrofUsJHs
Calvin Harris feat. Ellie Goulding|I Need Your Love|AtKZKl7Bgu0
Captain Murphy|Between Villains (Feat. Viktor Vaughn, Earl Sweatshirt and Thundercat)|U-aohC2B744
Cash For Gold|Cheerleaders|dKBYyjX_NwU
Cassian|On  On|2axe1afcp5g
Cat Empire, The|Brighter Than Gold|QM_rIaUm7ac
Cat Empire, The|Steal The Light|jluQyS4lFpY
Cate Le Bon|Are You With Me Now?|8-Vw49KM6JU
Caveman|In The City|_ynDMQkNAB0
Chance The Rapper|Juice|h8nIHZ-0kS4
Chance The Rapper|Chain Smoker|bigsk2g7xO8
Chance Waters|Bonnie {Ft. The Griswolds}|bRhBVDQ_YL0
Chance Waters|Looking For Something {Ft. Patience Hodgson}|k3u_YRY-PSw
Chance the Rapper|Favourite Song|
Chapel Club|Good Together|KWEbWNIXJcU
Chase  Status|Count On Me {Ft. Moko}|91V0Cqx9TzM
Chase  Status|Lost  Not Found {Ft. Louis M^Tters}|A-w1nmEQ7IM
Chase  Status, Louis M^ttrs|Lost  Not Found|A-w1nmEQ7IM
Chela|Romanticise|GxthXRAyOhI
Chemist, The|Silver  Gold|Ws-i6bOZcxg
Chet Faker|Melt {Ft. Kilo Kish}|k7LNBLDqngI
Child Of Lov, The|Fly|KTJg78fDNjM
Childish Gambino|Sweatpants|gSKHTuR8abE
Childish Gambino|3005|tG35R8F2j8k
Chris Malinchak|So Good To Me|oVcG9lpZV24
Christophe Maé|Tombé sous le charme|yRGiYUEFFww
Chrome Sparks|Marijuana|5aeukmFc3sU
Chvrches|We Sink|8kf3NoIThxQ
Chvrches|Gun|ktoaj1IpTbw
Chvrches|Lies|81RqEnvczV8
Chvrches|By The Throat|BDlQxtNx4Fg
Chvrches|Recover|JyqemIbjcfg
Chvrches|The Mother We Share|_mTRvJ9fugM
Circa Waves|Get Away|PnZ4tQXTxF8
Citizen|Sleep|WuSIGnVJ8Do
Citizen Kay|Yes!|qfMLYVi0uv0
Citizen Kay|Raise A Glass {Ft. Bkbb}|7nY6hNlnD5Q
City And Colour|Of Space And Time|Fj0FFjtmtzM
City And Colour|The Hurry And The Harm|Zsozo-qp77w&list=PLUBRgNn1qQ8Pk_d6uDGyGsvxcjvC7dEjt
City And Colour|Thirst|tMWoimU2wUQ
City And Colour|The Lonely Life|zM1WjFYnHi0
City And Colour|Harder Than Stone|WKkmTviTnYQ
City Calm Down|Speak To No End|0ogGj1z_nao
City Calm Down|Sense Of Self|T1Pa95ewirQ
Clairy Browne  The Bangin' Rackettes|Good Problems|rEaeWLFff6c
Clarence Clarity|Alive In The Septic Tank|Hi58qW3G1Jg
Classixx|Holding On|6v7p6_Hhlu8
Cloud Control|Island Living|aCAMYQfVotk
Cloud Control|Promises|oR9WioRaj7U
Cloud Control|Dojo Rising|SGSij0-cljI
Cloud Control|Scar|EzLYf366bVg
Cloud Control|The Smoke, The Feeling|s19jqr0L9aU
Cloud Control|Happy Birthday|x3XjkzRN8DM
Cloud Control|Moonrabbit|BnY2C_1Kci0
Cloud Control|Ice Age Heatwave|
Clowns|You've Got The Curse|
Clubfeet|Everything You Wanted|SPffFTWZWlI
Cold War Kids|Lost That Easy|WMYgSf6xM5g
Cold War Kids|Miracle Mile|1F6gAN6MOII
Connan Mockasin|I'm The Man, That Will Find You|Teyy1A_AJso
Convaire|Talk In Technicolour|hlhg5zjWzyg
Cosmo Jarvis|My Own Thing|gRKSi8l9YbM
Cosmo's Midnight|The Dofflin|YMnCFSTu2mc
Cosmo's Midnight|The Dofflin (Wave racer remix)|aS0K8H7WqnU
Courtney Barnett|Avant Gardener|bcnIhzaDTd0
Courtney Barnett|Black Skinhead {Like A Version}|3KG27nG8WRw
Courtney Barnett|History Eraser|k6_G5PlEXdk
Creases, The|I Won't Wait|wbhTHXad0pY
Crocodiles|Cockroach|h2qFOO3VM1M
Crooked Colours|Come Down|qj8wIi-mff0
Crystal Fighters|Wave|C8VK28eCuQ0
Crystal Fighters|You  I|mxk24nL7xQY
Crystal Fighters|Separator|Zxdw7KTF-bM
Cub Sport|Paradise|MxIvae3I_mQ
Cub Sport|Pool!|5ULtpeqGNN8
Cults|I Can Hardly Make You Mine|N1ARKA_sJg4
Cut Copy|Meet Me In A House Of Love|S8o4hjgZrVg
Cut Copy|Free Your Mind|xPRJVKtrCCk
Cut Copy|In Memory Capsule|zkb3s8IfBEc
Cut Copy|We Are Explorers|ruKoGEDxLPw
Cut Copy|Let Me Show You Love|t-JgJhLyw-w
Cut Copy|Walking In The Sky|kLhlXZx2Wgg
Cut Copy|Footsteps|
Cut Copy|Dark Corners  Mountaintops|
Cut Copy|Free Your Mind - Single Version|
Cypher|Liar|o21TmrgKi6s
D.D Dumbo|Tropical Oceans|qG4DLc9Kotg
D33J|Park (Tape Version)|frFFBOE4oxA
DJ Koze|Nices Wölkchen feat. Apparat|kbaaSJgZWbg
DJ Snake|Bird Machine [Ft. Alesia}|
DZ Deathrays|Northern Lights|FhJ0grMCKYc
Daft Punk|Doin' It Right|RA5PRj7KPkE
Daft Punk|Instant Crush (feat. Julian Casablancas)|
Daft Punk|Get Lucky|5NV6Rdv1a3I
Daft Punk|Giorgio By Moroder|5m4ZkEqQrn0
Daft Punk|Touch|XfH3erWacsQ
Daft Punk|Beyond|HvR9-LniaPM
Daft Punk|Instant Crush|a5uQMwRMHcs
Daft Punk|Lose Yourself To Dance|NF-kLy44Hls
Daft Punk|The Game Of Love|MZ1vdnW0mtQ
Daft Punk|Give Life Back To Music|SRJOk7z4mws
Daft Punk, Pharrell Williams|Get Lucky|5NV6Rdv1a3I
Daft Punk, Pharrell Williams|Lose Yourself to Dance|Q3Bp1QVVieM
Dan Sultan|Under Your Skin|bpjhjKw-LMg
Danny Brown|Dip|CZa2lY9CFyM
Danny Brown|Gremlins|kr8L10jjsvU
Danny Brown|Smokin  Drinkin|q0rYiIiJusQ
Danny Brown|Lonely|h8ZpCygkMa8
Danny Brown|Side B (Dope Song)|Yewc-aTlSWU
Danny Brown|Kush Coma {Ft. A$AP Rocky  Zelooperz}|pcGGfojS58U
Danny Brown|25 Bucks {Ft. Purity Ring}|KXfCpYIFsHY
Danny Brown|Clean Up|t3VIOXzI0os
Danny Brown|Dubstep {Ft. Scrufizzer}|iBwtIULMJ5c
Dappled Cities|Many Roads|F-rnfu6fNm0
Darkside|Golden Arrow|d8NaWT0WvEE
Darkside|Paper Trails|tZVPHzsRp_o
Darlia|Queen Of Hearts|8rDhyyJk6sk
Darwin Deez|You Can't Be My Girl|GinJuHGnPkw
Daughter|Still|uUWrcFpmI5U
Daughter|Human|MbCeyb9okac
Daughter|Youth|VEpMj-tqixs
Davey Lane|You're The Cops, I'm The Crime|lycCsJJeqUo
David Bowie|Where Are We Now?|QWtsV50_-p4
David Bowie|The Next Day|7wL9NUZRZ4I
David Guetta, Glowinthedark|Ain't A Party (feat. Harrison) [Radio Edit]|
Dead Letter Circus|The Cure|IblZG6Do918
Dead Letter Circus|Insider|u14F8-pgwSU
Dead Letter Circus|Lodestar|ayXRXhXHEi0
Dead Letter Circus|Alone Awake|TpI6uJb0A4M
Dead Letter Circus|Stand Apart|bY5jdQ6fgYM
Dead Letter Circus|Say Your Prayers|1LkCrcomiJY
Dead Letter Circus|Burning Man|Q4mw7-MqSW4
Dead Letter Circus|I Am|eM701mBmrAc
Deadmau5|Suckfest9001|
Deafheaven|The Pecan Tree|N-Dyaoq_oSA
Deafheaven|Dream House|RWyVhIBmdGw
Deap Vally|Lies|jBVUFKBN19k
Deep Sea Arcade|Bonnie  Clyde {Ft. Megan Washington}|X6smDeCk2ow
Deerhunter|Monomania|7qIqC7jjHfw
Deerhunter|Back To The Middle|k9MsFaFrrps
Delphic|Memeo|abu4oTXdFC0
Delta Riggs, The|Rah Rah Radio|_caRtOAzWU4
Delta Riggs, The|America|hUeqVkxpnu4
Delta Spirit|California|Va0ezWC2du4
Deptford Goth|Union|ZYBewB2uGDg
Devendra Banhart|Never Seen Such Good Things|q8MqQWhKvpE
Diafrix|Rest Assured|gO-doZJf0vM
Dialectrix|Black  Gold|_FcpsKvPG30
Dialectrix|Stop!|fr6hOk-o4Q0
Dialectrix|Take Flight {Ft. Momo}|WFHjt4bY6VY
Dialectrix|Go|Pfyk0APyJqc
Dick Diver|Water Damage|BDaXVYjKJEU
Dick Diver|Lime Green Shirt|GKuNsU5E5cc
Dick Diver|Calendar Days|
Dillinger Escape Plan, The|One Of Us Is The Killer|d-FKM3eZTO8
Dillon Francis|Without You {Ft. Totally Enormous Extinct Dinosaurs}|Do1xw0hMdcs
Diplo|Revolution {Ft. Faustix  Imanos And Kai}|G6dWxIR_HKY
Dirty Projectors|Climax {Like A Version}|J-_K-IbJYvE
Disclosure|White Noise {Ft. Alunageorge}|bkk2H3Ztrfk
Disclosure|F For You|5TUIciKQzxI
Disclosure|You  Me {Ft. Eliza Doolittle}|W_vM8ePGuRM
Disclosure|Help Me Lose My Mind {Ft. London Grammar}|TBW9VEE29W4
Disclosure|When A Fire Starts To Burn|4nsKDJlpUbA
Disclosure|Latch (Feat. Sam Smith)|93ASUImTedo
Disclosure|Grab Her!|xcBpx5n-6Wg
Disclosure|You  Me {Flume Remix}|OUkkaqSNduU
Disclosure|Defeated No More {Ft. Ed Macfarlane}|1r5SYzkeTG4
Disclosure|January {Ft. Jamie Woon}|SxD8HS5shIU
Disclosure|Voices {Ft. Sasha Keable}|UjnCmiBWvH8
Disclosure, Eliza Doolittle|You  Me - Flume Remix|GT6J33_-LNw
Disclosure, Sam Smith|Latch|pUK6HlzNWEg
Divine Fits|Chained To Love|ReuPQUxFnt8
Divine Fits|Hungry Heart {Like A Version}|4XrLRQZI2AI
Dizzee Rascal|H-Town {Ft. Bun B  Trae Tha Truth}|G_pnop5WqhI
Dizzee Rascal|Bassline Junkie|D1gl46hh3sQ
Dizzee Rascal|I Don't Need A Reason|AlzgDVLtU6g
Dog Blood|Middle Finger Pt. 2|LLwxgC4KXtU
Doldrums|Anomaly|OsbRSG7V5DE
Drake|Hold On - We're Goin Home|GxgqpCdOKak
Drake|Hold On We're Going Home|GxgqpCdOKak
Drake|Too Much|BPwCd9vjO6E
Drake|Hold On, We're Going Home|GxgqpCdOKak
Drake FT Jay Z|Pound Cake|PE4kaEBmKf0
Drapht|Salute {Ft. Suffa}|nSQvHp_vypQ
Drapht  Ta-ku|1990's {Ft. N'Fa Jones  Joyride}|RAAtTKga5G8
Drenge|Backwaters|5AdfZ2rhZmc
Drenge|Bloodsports|8sqJIdcKsrs
Drones, The|Laika|66seXrzECmA
Drones, The|I See Seaweed|dr69pouGIBA
Drones, The|They'll Kill You|SZ_lUs5zlHA
Drones, The|The Grey Leader|fgPBb9qEFl0
Drones, The|How To See Through Fog|PcrEJ3u7nW8
Drones, The|A Moat You Can Stand In|kw7nEtiAUN8
Drones, The|Nine Eyes|dGEgvTXo8oI
Drones, The|Why Write A Letter That You'll Never Send|LnBvpDi8g2k
Drunk Mums|Time To Come Back|J17zLlhovsE
Du Tonc|Surging Memories|wfd6eNx8Sxk
Duck Sauce|Radio Stereo|iJZlnyMdLfw
Ducktails|Honey Tiger Eyes|46_ZSlM6kp0
Ducktails|Letter Of Intent|uxqsMJy5HeI
Duke Dumont|Need U (100%) {Ft. A*M*E}|FnJIb4A-DuY
Dum Dum Girls|Lost Boys And Girls Club|pOF_oo3EgnQ
Dune Rats|Red Light, Green Light|IAkBYSbMYA8
Dustin Tebbutt|Where I Find You|nXmYMjOyu5k
Dustin Tebbutt|The Breach|RCQV7FYlwlE
Dutch Uncles|Fester|5BVZzkwDucQ
Dylan Joel|Leveled|D2dTFt57tAo
Eagle  The Worm|Angela's Lonely Heart|4Q2Nuw2QTfE
Earl Sweatshirt|Sunday {Ft. Frank Ocean}|BIQb8nv-urY
Earl Sweatshirt|Burgundy {Ft. Vince Staples}|
Earl Sweatshirt|Hive|0FcDXL5Aw0o
Ed Tullett|Mezzanine|
Ed Tullett|Silver Dive|SAL_yyD7sqs
Ed Tullett|Thaw|fi0y8_StUQg
Edward Sharpe  The Magnetic Zeros|Better Days|0GSLAZg3n8I
Edward Sharpe  The Magnetic Zeros|Home|DHEOF_rcND8
Eels|New Alphabet|cumTHJHoHIM
Eleanor Dunlop|Disguise|GJxwsMI29eU
Elizabeth Rose|The Good Life|YldAQNY8Jdc
Elizabeth Rose|The Rhythm Of The Night {Like A Version}|iPKyO35yp1c
Ellie Goulding|Burn|CGyEd0aKWZE
Emma Louise|Pontoon|hX4SvSx6Fb8
Emma Louise|Mirrors|H33KDQtr3A8
Emma Louise|Tessellate {Like A Version}|f1sgpdOmN5E
Emma Louise|Freedom|2G82nCznQEY
Emoh Instead|Why Can't You (Say So…)|yIkc5vF4P2M
Empire Of The Sun|Concert Pitch|rg9nUrXm5Cg
Empire Of The Sun|Old Flavours|EIUCzmEQGEM
Empire Of The Sun|Dna|iDN08Ia7CNI
Empire Of The Sun|Celebrate|9lWhVii3D24
Empire Of The Sun|Surround Sound|dAE6sVWP71k
Empire Of The Sun|I'll Be Around|Z6C5uGRRLiA
Empire Of The Sun|Alive|IPKAwJKGSDc
Empire Of The Sun|Ice On The Dune|9sc8oorSl7A
Empire Of The Sun|Awakening|sFDsHqC7HC0
Eprom|Hurricane|pn_VmM5cNdQ
Erol Alkan|Bang|a3d69gaow5s
Etml|Bind Me|jhd4gifS7Po
Evan  The Brave|Stay This Way|f_ha4OfHAmg
Everything Everything|Undrowned|Rc6-jjsUOu0
Everything Everything|Armourland|DGDHsf9cyCg
Everything Everything|Duet|Mhy-ozPkiDE
Everything Everything|Kemosabe|TKKMfJ8cZoQ
Everything Everything|Choice Mountain|1HW_BY-G4yI
Everything Everything|Feet For Hands|p3CdA9LcGUU
Everything Everything|Torso Of The Week|mIN1beK2GJM
Eves|Zen|OZfDUZ2yriw
Ex Cops|James|CifEi3lARJY
Example|All The Wrong Places|j_2kVtUCj-E
FAUL|Happy Endings|rc33KU-CEcI
FKA Twigs|Water Me|kFtMl-uipA8
FKA twigs|Papi Pacify|OydK91JjFOw
Fall Out Boy|My Songs Know What You Did In The Dark (Light Em Up)|LkIWmsP3c_s
Farewell Fighter|Grow|lhykhuB3VN8
Fat Freddy's Drop|Clean The House|T2INd9Cjf1U
Fatboy Slim  Riva Starr|Eat, Sleep, Rave, Repeat|wBoRkg5-Ieg
Favored Nations|The Set Up|pP-YEZjZXl8
Feelings|Good Juju In My Medicine|
Fidlar|White On White|LaDAl5q4llQ
Fidlar|Max Can't Surf|4Jip6Fc-QO4
Fidlar|Awkward|gEpNPV-dCIQ
Fidlar|Cocaine|D2srovkhf0w
Fidlar|Gimmie Something|
Fidlar|Blackout Stout|
Fidlar|Stoked And Broke|eaacYYmDqZ0
Fidlar|No Waves|BYbJmQj5VkE
Fidlar|Red Right Hand {Like A Version}|RJGcg0-Y9Io
Fidlar|Wait For The Man|hkn7ebvTWA0
Flamingo|Heart, My|VKFmFP0NBKY
Flight Facilities|I Didn't Believe {Ft. Elizabeth Rose}|FdsvtnOoFAg
Flight Facilities|Stand Still {Ft. Micky Green}|GgJ-pSmC6Eg
Flower Drums|Birthday Girl|Y9uu6pDsdxg
Flume|Intro (feat. Stalley)|28-pSaxXnvw
Flume  Chet Faker|This Song Is Not About A Girl|dKAbjLO1bUw
Flume  Chet Faker|Drop The Game|6vopR3ys8Kw
Flume, Chet Faker|Drop the Game|6vopR3ys8Kw
Flux Pavilion|Double Edge {Ft. Sway  P Money}|p15p-xcycPo
Flux Pavilion|Double Edge - feat. Sway and P Money|
Flux Pavilion|Do Or Die {Ft. Childish Gambino}|RRNqRuyFSXk
Flux Pavilion|Steve French {Ft. Steve Aoki}|UEDF_IRT9NM
Foals|Out Of The Woods|jniQfwJHKEM
Foals|Inhaler|qJ_PMvjmC6M
Foals|Late Night|vP-HSoe7IAU
Foals|Milk  Black Spiders|L325JJ9MFxQ
Foals|My Number|QRR_pvZcu-o
Foals|Providence|S1tuiqd8qxc
Foals|Everytime|qmTXpmfPpF0
Foals|Bad Habit|khQG7t9pzmo
Foetus|Kamikaze|vdqBN38ZTqY
Forces|Overland (In My Mind)|psM2VQiVnq0
Foxygen|No Destruction|87jIdvGPDj4
Fractures|Twisted|d3EMzMQ1w58
Fractures|Cadence|Z9KbyzkXapI
Franz Ferdinand|Love Illumination|Ooq23i-QGBM
Franz Ferdinand|Was There Anything I Could Do {Like A Version}|DruuZM_0PPs
Franz Ferdinand|Right Action|RqTsUtQLRFk
Franz Ferdinand|Bullet|iMfjROpKCnw
Franz Ferdinand|Evil Eye|IIR5vBiC3ig
Frightened Rabbit|The Only Place {Like A Version}|NPAEFINDhSE
Frightened Rabbit|The Woodpile|KY4j8Ow-CTs
Fuck Buttons|Hidden Xs|47C9K9IEjMg
Fuck Buttons|The Red Wing|CVzdi22Bi0I
Future Of The Left|Johnny Borrell Afterlife|TTIVhaMNNNQ
Future Of The Left|French Lessons|Rt70zeX3xm4
GOVS|Holy Infinity|fVGa8wqRKf8
Gang Of Youths|Evangelists|ypy8Zgu9nGE
George Maple|Fixed|TGHDdBBWRh8
Georgi Kay|Ipswich|FOLlFCROMTA
Georgia Fair|Gloria|B0-aaOuUqXY
Georgia Potter|Reckless|WYI9KnMyN3s
Gesaffelstein|Obsession|3kkqnK6jaXU
Gesaffelstein|Aleph|jnMgRcmgNfM
Gesaffelstein|Pursuit|oRSijEW_cDM
Gesaffelstein|Nameless|fXi_30K76pg
Gesaffelstein|Hate Or Glory|m7YSNbq2KcQ
Ghost|Year Zero|gkBt7yLXyDk
Ghost|Secular Haze|vyQZ13jobIY
Ghost Loft|Seconds|WhmyWYmO3uA
Ghostface Killah|The Rise Of The Ghostface Killah {Ft. Adrian Younge} |USd3ay54C3g
Ghostpoet|Meltdown|ABkQ96dh0eQ
Glass Animals|Psylla|zTi5KEwHTxg
Glass Towers|Young  Beautiful {Like A Version}|9SCE1lvOUqc
Glass Towers|The Best Of Friends|Cum1-TPGxI8
Glass Towers|In This City|
Glass Towers|Lust For Life|
Glass Towers|Griffin|yRuyKYaADco
Glass Towers|Halcyon|UPwABTXAUsc
Glass Towers|Foreign Time|qddnGSRMJko
Glass Towers|Gloom|0HBDWcXid0Y
Glasser|Shape|jJhAuEYk3ms
Godwolf|Alone|wGZz0sql99U
Gold Fields|Meet My Friends|7txVU25Pzq4
Gold Fields|Thunder|Th2voNNwIxs
Gold Fields|You're Still Gone|O0gyM8uFkPA
Gold Fields|Closest I Could Get|WP-URViCqn4
Gold Fields|Happy Boy|j1XdQIzvKOI
Gold Fields|Ice|-pjAS0rCVLs
Goldfrapp|Drew|wCzoTQqEoFg
Goldfrapp|Annabel|-Vnk_j1iKMA
Goldroom|Embrace|JSZy8tzGOsw
Gooch Palms, The|Novo's|HklkqhPcGhU
Gossling|That Feeling|
Gossling|Challenge|4F0M_VwtzjI
Gossling|Big Love|gVEdMBYakh4
Gossling|Accolade|
Gossling|Vanish|
Gossling|Never Expire|-U_u5SuOQbU
Gossling|Harvest Of Gold|rMJybp5se1o
Gossling  Oh Mercy|La Minute de silence|SrDT7WrVjcM
Green Velvet|Bigger Than Prince|T8lShfBVN3U
Grey Ghost|The Elixir|S8rIcl3u8EE
Griswolds, The|The Courtship Of Summer Preasley|cNVhEtCgj-c
Grouplove|Didn't Have To Go|OP72cqk3BVQ
Grouplove|Schoolboy|QhHuNeC0EMg
Grouplove|Everyone's Gonna Get High|_V2qgr8WMKM
Grouplove|Borderlines And Aliens|kgF9knPeReo
Grouplove|What I Know|jH-oZolya8s
Grouplove|Ways To Go|VGvHnDeS12o
Grouplove|I'm With You|XpaFBodtDJk
Grouplove|Hippy Hill|QQLN5SA-WKI
Grouplove|Shark Attack|YXHrfIZe484
Grum|Everytime|uxKXuO6caMQ
Guards|Silver Lining|gm7sxSXYrZk
Gung Ho|Strangers|sq9x2nGBEvQ
HAIM|Falling|AIjVpRAXK18
Haerts|All The Days|LZ-XtBvPj0I
Haim|If I Could Change Your Mind|Kwb-MJN_oqA
Haim|Days Are Gone|IUshy3OSDCA
Haim|Go Slow|orN6OvaY9eY
Haim|Falling|AIjVpRAXK18
Haim|Let Me Go|gtP0dQV0Rlg
Haim|Strong Enough {Like A Version}|fkd47bcQHxM
Haim|The Wire|1TffpkE2GU4
Haim|Honey  I|J4NrhoJ1Dvc
Haim|My Song 5|aF4FcTcWcDE
Half Moon Run|Call Me In The Afternoon|c_yengUrkaU
Hanni El Khatib|Family|wx_ESYOAq9U
Hayden Calnin|Coward|eeP8TnD3qBY
Hayden James|Permission To Love|MfttyNSCI-g
Hellions|The Penultimate Year|IpdKLkfsz4M
Hello Satellites|Television Screens|QjsEbtTpPxc
Hey Geronimo|Lazer Gun Show|HSBf_N6rVRY
Hiatus Kaiyote|Nakamarra {Ft. Q-Tip}|qyO5_mtfTYg
High Tension|Primitives|
Holidays, The|Voices Drifting|g1NoEFk9D8w
Holidays, The|All Time High|vm0GJhDv-E0
Holy Ghost!|Okay|vmWLpRsny-k
Holy Ghost!|Dumb Disco Ideas|NuAoGdWBaaY
Holy Holy|Impossible Like You|dJ8kXQWAh2M
Horrorshow|Nice Guys Finish Last {Ft. Joyride}|jzGK0Fok-Fo
Horrorshow|Down the Line (Mana's Song) [feat. Sarah Corry]|Uxlto3UhLFg
Horrorshow|Can't Look Away|2I-j55rJVVg
Horrorshow|Take A Walk On The Wild Side/Can I Kick It? {Like A Version}|
Horrorshow|Doctor's Orders {Ft. Urthboy  Muph}|3Jyle7UjIZc
Horrorshow|Listen Close|P_epd-MeQMc
Horrorshow|Dead Star Shine|k0glYW1q_Qo
Horrorshow|On The One Hand {Ft. Grieves  Suffa}|m5zelguYBgY
Horrorshow|Unfair Lottery|zQXov0LQqa0
Horrorshow|Waste Your Time|vQC18z7Hy0w
Horrorshow|Free|qVPxDXthJ2s
Horrorshow|Own Backyard {Ft. Jimblah}|Ac-t_sDD720
Hot Chip|Dark And Stormy|
Hot Since 82|Shadows|kznjgYRKLxI
Hot Since 82|Chords|Wcq3lNFy3Kw
How To Destroy Angels|Ice Age|Oq3pDuJeMqQ
Hungry Kids Of Hungary|When Yesterday's Gone|-6Ez7gzyVG4
Hungry Kids Of Hungary|Feels Like We Only Go Backwards {Like A Version}|xs0b6Rncro0
Hungry Kids Of Hungary|Litter And Sand|avgvCBpLPJI
Hungry Kids Of Hungary|Do Or Die|NZ6nl9DvQus
Hungry Kids Of Hungary|What In The World|uP7wd6JPsPc
Hungry Kids Of Hungary|Someone Else's Fool|
Hungry Kids Of Hungary|Memo|
Hurts|Somebody To Die For|Pt1kc_FniKM
Hurts|Miracle|HrAclaz5GvA
I Know The Chief|Stay Coloured|daXjQncGQTg
Iceage|Coalition|coVPmp3lmKk
Iggy Azalea|Work|_zR6ROjoOX0
Illy|Tightrope|COj8wp7Ls3k
Illy|Coming Down {Ft. Hilltop Hoods}|LgLt6TDaQUA
Illy|Youngbloods {Ft. Ahren Stringer}|_at41JJ0dRQ
Illy|Yoyo {Ft. Drapht}|fy70MUYdYN4
Illy|One For The City {Ft. Thomas Jules}|Z6ujW63TMhk
Illy|Ausmusic Month Medley {Like A Version}|
Illy|Talk {Ft. Kira Piru}|Ce040kYRi04
Illy|On  On|sbwgyHCm_0o
Illy|Opening Night|9DQpxggc4go
Illy|No Tomorrow|3bvT_f-ivvY
Imagine Dragons|Radioactive|ktvTqknDobU
In Hearts Wake|Skydancer|kKUIo_Iky14
Internet, The|Dontcha|28JAS1ZUUqw
J Cole|Power Trip|7AjD7nKiUQ4
JAY Z|BBC {Ft. Nas, Justin Timberlake, Beyonce, Swizz Beatz, Pharrell  Timbaland}|wDWzlURg9Ho
JAY Z|Somewhereinamerica|
JAY Z|Tom Ford|IkgekVh7oKI
JAY Z|Oceans {Ft. Frank Ocean}|RisBBwgkxps
JAY Z|Picasso Baby|xMG2oNqBy-Y
Jack Johnson|I got you|dBWFUVq85gs
Jackie Onassis|Special Occasion|
Jackie Onassis|Smoke Trails|i0rBrJbYnEc
Jackie Onassis|Juliette|zcf8EzefnuM
Jacob Pearson|Footrprints|
Jae Laffer|Leave A Light On|ZywP8sz3nVY
Jagwar Ma|Did You Have To|zuPQe9B-pb8
Jagwar Ma|Let Her Go|bdHTAcK1CYQ
Jagwar Ma|That Loneliness|_Tl7kjcQibY
Jagwar Ma|Come Save Me|pP8k6fmxWe4
Jagwar Ma|Uncertainty|JctRAu7RbAA
Jagwar Ma|Exercise|SN6170iKkak
Jagwar Ma|Man I Need|K8KCPw9kYpo
Jagwar Ma|What Love|Lmbv5CnxKYs
Jagwar Ma|The Throw|1vU6a7Haw78
Jai Paul|Str8 Outta Mumbai|
Jakarta Criers|Maybe|lLuQbSpjsgc
Jake Bugg|There's A Beast And We All Feed It|A7yhcB8ZXoU
Jake Bugg|What Doesn't Kill You|bxjZbFpBpbE
Jake Bugg|Messed Up Kids|MqvBcl7W1z8
Jake Bugg|Simple Pleasures|wFpx_T6G8Lo
Jake Bugg|Slumville Sunrise|p4wTRbW0aos
Jake Bugg|Seen It All|_est5zPL6eo
Jake Bugg|All Your Reasons|8wVsfUtG8zo
Jake Bugg|Kingpin|7xZ3uCSwRAs
Jake Bugg|Me And You|ri58RGH931M
James Blake|Digital Lion|DyWeVWiDnbQ
James Blake|Take A Fall For Me {Ft. RZA}|xi5_iYbZjEc
James Blake|To The Last|DiXTtvSPkCY
James Blake|Voyeur|KXc8spJaEFo
James Blake|I Am Sold|L80Fvg4-Xh8
James Blake|Retrograde|6p6PcFFUm5I
James Blake|Overgrown|AlaRjP8pg0Q
James Blake|Life Round Here (feat. Chance the Rapper)|5S6U_krabrk
James Blake|Life Round Here|5S6U_krabrk
James Blake  Chance the Rapper|Life Round Here (Remix)|
James Vincent Mcmorrow|Cavalier|j0DvjgagJko
Janelle Monae|Q.U.E.E.N. {Ft. Erykah Badu}|tEddixS-UoU
Jaysways|Mirror|6AQo2GBsl40
Jenny Broke The Window|Rum 'N' Cola|j_4i_7cZ7oY
Jenny Broke The Window|Ravel|yse7bdrvgtc
Jeremy Neale|Swing Left|LrXD7JojrQo
Jeremy Neale|A Love Affair To Keep You There|efwuybRszZQ
Jeremy Neale|In Stranger Times|PRmk8ZmpAUI
Jezabels, The|The End|XRTwz4Z1_ss
Jimblah|Resolution {Like A Version}|ls-tNdlVnrY
Jimblah|March|Dyq7S7aK3UE
Jimblah|Fireproof|HIGMPgfEdfU
Jinja Safari|Oh Benzo!|Z6_p4mMA2Jo
Jinja Safari|Harrison|
Jinja Safari|Apple|
Jinja Safari|West Coast Rock|hQFfDxGtGsk
Jinja Safari|Dozer|VjckYH4iK8g
Jinja Safari|Plagiarist|ajsUt4oqeww
Jinja Safari|Mombassa On The Line|TXtAGeCTbfg
Jinja Safari|Just One Thing|
Joel Fletcher  Savage|Swing|OLq28KCSyho
Joey Bada$$|Word Is Bond|silMYImt_vk
Joey Bada$$|Waves|51e1gIkzHgk
Joey Bada$$|My Yout {Ft. Maverick Sabre}|srfbyt2Iu44
John Butler Trio|Only One|nEANuKC9mWg
John Grant|Black Belt|Jae0uCGX-qM
John Grant|GMF|ekFWPsXXcg0
John Newman|Love Me Again|CfihYWRWRTQ
John Newman|Cheating|i8N6SScXb8M
John Steel Singers, The|Common Thread (Rhythm Of The Week)|
John Steel Singers, The|State Of Unrest|gqanG5qPCiE
John Steel Singers, The|Everything's A Thread|Rvq6cC0YA3o
John Steel Singers, The|MJ's On Fire Again|
John Steel Singers, The|TGI Tuesdays|
John Steel Singers, The|The Marksman|
John Steel Singers, The|There's A Bird|
John Steel Singers, The|Happy Before|
Jon Hopkins|Breathe This Air {Ft. Purity Ring}|CPmucPjFulI
Jonwayne|The Come Up Pt. 1 {Ft. Scoop DeVille}|RgdBTpsDF9c
Jose Gonzalez|Teardrop|9B-h1EEsKDA
Josh Pyke|Leeward Side|LUemKLtbHxk
Joyride|Pretend (Cecilia)|mrOeX56ArUk
Juan Maclean, The|Feel Like Movin'|sUnMmUwsG0g
Jungle Giants, The|Got Nothing To Lose|e4_kfb1iW2k
Jungle Giants, The|A Pair Of Lovers|
Jungle Giants, The|Domesticated Man|hwwG_z8BXHE
Jungle Giants, The|Come And Be Alone With Me|JgLJmpfngmo
Jungle Giants, The|Skin To Bone|wlSVttHQP1I
Jungle Giants, The|I Am What You Want Me To Be|Q33YIyslOgU
Jungle Giants, The|Anywhere Else|NWertJmoLrg
Jungle Giants, The|Buddy Holly {Like A Version}|LvK50GJMqz0
Junip|Your Life Your Call|DYvKXVoAXmg
Just Blaze  Baauer|Higher {Ft. JAY Z}|qLCeO2uIj1g
Justin Timberlake|Mirrors|uuZE_IRwLNI
Justin Timberlake|Suit and tie|
K. Flay|Hail Mary {Ft. Danny Brown}|69LiGi9UL7M
Kanye West|Hold My Liquor|MN-MxDT1aAo
Kanye West|Bound 2|BBAtAM7vtgc
Kanye West|I'm In It|CPyKAmKxOAw
Kanye West|Guilt Trip|VzbIAfh43Hg
Kanye West|On Sight|xnrLXDYnS6c
Kanye West|I Am A God|ViGNBLQpGWE
Kanye West|Blood On The Leaves|D0QcxWPB59o
Kanye West|Black Skinhead|YLx11xq6X7Q
Kanye West|New Slaves|dT3swdCJrrg
Kanye West|Send It Up|JYzG4nIuT7I
Kanye West|Hold My Liquor {Ft. Chief Keef  Justin Vernon}|PRwQzP5FaIo
Kanye West, God|I Am A God|ViGNBLQpGWE
Karnivool|The Refusal|Cjacfhkt25c
Karnivool|We Are|V_E5ae9ZTwk
Karnivool|A.M. War|6wz5U0QkNtw
Karnivool|Aeons|2TKC3jW6fzk
Karnivool|Nachash|vRlm66Zj9Cg
Karnivool|Eidolon|q_XQSdf8GH4
Karnivool|The Last Few|5lzdZxx1Cw4
Katy B|5AM|
Kaytranada|Free Things In Life|19adUYWbJq4
Kelela|Enemy|5aFrXi5cYKE
Kelis|Jerk Ribs|
Kendrick Lamar|Swimming Pools|8-ejyHzz3XE
Kid Cudi|Young Lady {Ft. Father John Misty}|claBz9TGK98
Kid Cudi|Mad Solar|XJY52uK9Do0
Kid Cudi|King Wizard|FmvU3urYQgI
Kid Cudi|Brothers {Ft. King Chip  A$Ap Rocky}|JA5DZqwEHeI
Kid Cudi|Immortal|KrbyNGVvgqY
Kieran Ryan|Red-Eyed Birds|CasqA4-TZoo
King|It Goes Around|DSYgB8b657Y
King Gizzard And The Lizard Wizard|Head On/ Pill|23vVIgTMZFU
King Gizzard And The Lizard Wizard|God Is Calling Me Back Home|2oPzcrMlAaA
King Gizzard And The Lizard Wizard|Mystery Jack|koK_cRo25WE
King Gizzard And The Lizard Wizard|30 Past 7|j7EU7GVjyRA
King Krule|Neptune Estate|wQf3A2ohX7c
King Krule|Easy Easy|hRzlbh4or3c
King Krule|Baby Blue|TvP7sZWvyrg
King Krule|Borderline|
Kings At Heart|Winter Chill|a921mx9apFw
Kings At Heart|Parting|9SBbpTnUegM
Kings Of Leon|Supersoaker|izzY55ACUQo
Kings Of Leon|Comeback Story|_ui45mtL7hg
Kingswood|Sucker Punch|AjxMCW2GXPM
Kingswood|Wolf {Like A Version}|1PF0cO_loak
Kingswood|Ohio|lHjnOlQQ49U
Kirin J Callinan|Victoria M|-Pb0HJPS9EI
Kirin J Callinan|Embracism|Q_gtwhDklaQ
Kite String Tangle, The|Given The Chance|6qBwQtTHu4g
Kitty|Scout Finch Bitch (feat. Antwon)|0UicCSkTo-4
Knife Party|Edm Death Machine|88tUS0tZ4gg
Knife, The|A Tooth For An Eye|W10F0ezCTIQ
Knife, The|Full Of Fire|DoH6k6eIUS4
Kongos|I'm only joking|3Ip1irYWXck
Kongos|Come with me now|Gz2GVlQkn4Q
Kurt Vile|Air Bud|OJTVk3Aq6k4
Kurt Vile|Shame Chamber|AQIQRLqzJY8
Kurt Vile|Never Run Away|yq5sb6_W4LU
Kvelertak|Bruane Brenn|DbrtS8E0kpY
Kwes|36|9wwTsPqJ4W0
L D R U|The Tropics|VrqL0NXAZ_8
L-Fresh The Lion|One|2QHJRTPDMxs
Lana Del Ray|Young  Beautiful|o_1aF54DO60
Lana Del Rey|Summertime Sadness (Cedric Gervais Remix)|XPbN2pQXe1o
Lana Del Rey|Young And Beautiful|o_1aF54DO60
Lana Del Rey|Young  Beautiful|o_1aF54DO60
Lana Del Rey, Cedric Gervais|Summertime Sadness [Lana Del Rey vs. Cedric Gervais] (Cedric Gervais Remix / Radio Edit)|
Larry Gus|The Night Patrols (A Man Asleep)|
Last Dinosaurs|Andy|VR9LEqq6kYc
Laura Marling|Master Hunter|fO2gm29rI7E
Laura Marling|Where Can I Go?|hyQPQvLLxag
Lazy Calm, The|Paper Dreams|vEmiDWNp5KE
Leeches|Cracked and broken|j6s3LHX25qc
Lemaitre|Continuum|skLfWOMaN1s
Lester The Fierce|Howl|VaqBt3_J0yA
Letlive|Banshee (Ghost Fame)|3wnxFJUZtp4
Letlive.|Banshee (Ghost Fame)|3wnxFJUZtp4
Letlive.|Younger|KADLiArokIA
Leura|Drifter|diIRWFwBBPU
Like Thieves|Echoes Of Time|7jo1qKJQqwA
Like Thieves|Killing Reason|oeDiLINi6kw
Lily Allen|Hard Out Here|E0CazRHB0so
Little Big|Every Day I'm Drinking|/results?search_query=Everyday+I%27m+Drinking+Little+Big
Little Green Cars|To The Last {Like A Version}|iTjX3aspPYI
Little Green Cars|Harper Lee|cHwMDr6dMHI
Little May|Hide|w7Mj08UP7Yw
Little Odessa|All Night|j53bgxuM-kU
Little Scout|March Over To Me|f0w8UfaxvV0
Lo-Fang|Look Away|7KJ8sGbosD8
Local Natives|Heavy Feet|h2zWfxW60z0
Local Natives|Colombia|hMWEwXilWhA
London Grammar|Hey Now|MTvHcQmKUpU
London Grammar|Metal  Dust|as5FZJI6xJU
London Grammar|Flickers|6gY-zk4NEs8
London Grammar|Interlude (Live)|7eNA90LlxmY
London Grammar|Nightcall|JPLGR6lTaHI
London Grammar|Strong|6drfp_3823I
London Grammar|Stay Awake|vEEHMl-R1EA
London Grammar|Shyer|zWlswEkL7mI
London Grammar|Wasting My Young Years|pkeDBwsIaZw
Loon Lake|On Fire|9CLHwwDNF7c
Loon Lake|City Lights|nN8eNa7a5YY
Loon Lake|Carolina|nKbtu6oieA4
Loose Change|Shoosh!|CPKy0lkIAvU
Lorde|White Teeth Teens|qD_PyhJehjA
Lorde|Buzzcut Season|pstVCGyaUBM
Lorde|Still Sane|5nbvgXXv3OQ
Lorde|Glory And Gore|sOks2HArHf0
Lorde|400 Lux|PRfpZm7Sja8
Lorde|Bravado|dpapgTL7Mnw
Lorde|Royals|nlcIKh6sBtc
Lorde|Team|f2JuxM-snGc
Lorde|Tennis Court|D8Ymd-OCucs
Lorde|The Love Club|Ca50eYQR58Q
Lorde|Ribs|4qaeoz_7cyE
Lorde|A World Alone|eWUnVyO1Klk
Louis London|We're Not Alone|
Love Junkies, The|Baby, Come Home|oLyysUgwOVs
Luke Million|Midnight|leT4_neGEdU
Lumineers, The|This Must Be The Place (Naive Melody) {Like A Version}|Qz4HTEHW4iE
Lunatics On Pogosticks|Picasso's Saddest Love|qluqh7Wy1z0
Lunatics On Pogosticks|Blood Clot|9dlPJ6NBimg
Lurch  Chief|We Are The Same|XQ409diYb90
Lurch  Chief|On Your Own|J0oI73N1dv0
Lxury|J.A.W.S.|BpO_7rqT3Ag
M.I.A.|Bring The Noize|cCkIYkaLBGs
M.I.A.|Y.A.L.A.|r4VQoP2_eL4
M.I.A.|Matangi|mTOADPPywq8
MGMT|Alien Days|QBu_bzxvgdI
MGMT|Your Life Is A Lie|Cye-1RP5jso
MO|Never Wanna Know|FRIIHEndqbE
MS MR|Fantasy|DE5DXUfX0cc
MS MR|Head Is Not My Home|pKRfqQI3FJc
MS MR|Hurricane|7sj684zcmzw
MS MR|Dance Yrself Clean {Like A Version}|6sGyi82WDcY
MT|Alpha Romeo|36K2FPtgrtQ
MT Warning|Forward Miles|KhJFpDVfKeA
MT Warning|Midnight Dawn|
MTNS|Lost Track Of Time|M_ZI4y2F_uo
Mac Demarco|Freaking Out The Neighborhood|MeRIAew8eXc
Mac Miller|S.D.S.|jj4csT4eviU
Machine Translations|Broken Arrows|sa0CLA0Sz0M
Madeon|Technicolor|Vois0RMtPHE
Majical Cloudz|I Do Sing For You|S_Ki8vtmgXM
Major Lazer|Keep Cool {Ft. Shaggy  Wynter Gordon}|EQoUQUAf5cM
Major Lazer|Playground {Ft. Bugle  Arama}|BareJqbEBao
Major Lazer|Watch Out For This (Bumaye) {Ft. Busy Signal, The Flexican  FS Green}|n4ZIPIwGkGk
Major Lazer|Bubble Butt {Ft. Bruno Mars, Tyga  Mystic}|hR-NXv5Tma0
Major Lazer|You're No Good {Ft. Santigold, Vybz Kartel, Danielle Haim  Yasmin}|XYkqm8hHAwE
Major Lazer|Jessica {Ft. Ezra Koenig Of Vampire Weekend}|uXMeRUQmYoM
Major Lazer|Scare Me {Ft. Peaches  Timberlee}|6EiBJPMIn8M
Major Lazer|Wind Up {Ft. Elephant Man  Opal}|BnkDP14N4nA
Major Lazer|Mashup The Dance {Ft. The Partysquad  Ward 21}|gy6ZMaJyxcc
Major Lazer|Watch Out For This [Bumaye] [feat. Busy Signal, The Flexican  FS Green]|n4ZIPIwGkGk
Major Lazer|Get Free (Ft. Amber of The Dirty Projectors)|ytIfSuy_mOA
Major Lazer|Jet Blue Jet {Ft. Leftside, GTA, Razz  Biggy}|Wha1sKumYQ4
Major Leagues|Endless Drain|vrtCxZChg1U
Manic Street Preachers|3 Ways To See Despair|UJ2Q91Yw7C0
Manic Street Preachers|This Sullen Welsh Heart|EgMp1FspLdI
Manic Street Preachers|Rewind The Film|PwwtOd3pMlk
Manic Street Preachers|Anthem For A Lost Cause|NQiGseawtSg
Manic Street Preachers|Show Me The Wonder|J9L-jyFEsK4
Manic Street Preachers|30-Year War|hIF0_31QbhQ
Mantra|Loudmouth|yKbzo8rR7Os
Mapei|Don't Wait|33mjGmfy7PA
Martin Garrix|Animals|gCYcHz2k5x0
Marvin Gaye|Sexual Healing (Kygo Remix)|NDH1bGnNMjw
Mat Zo|Lucid Dreams|1FaRqsawrWQ
Mat Zo  Porter Robinson|Easy|at3FPJaAwoY
Mat. McHugh|More Money|0TI4cpTOrIY
Mathas|Nourishment {Ft. Abbe May}|NcxDPsIX2jI
Matt Corby|Runaway|B196K_YprLw
Matt Corby|Resolution|Nj4q4rfDcNw
Max Frost|White Lies|DDeV0sEjplI
Maximo Park|Brain Cells|gfQbpunQ2WI
Maya Jane Coles|Everything {Ft. Karin Park}|4OvpiEilNbs
Mazzy Star|California|oEf1Qq6upEU
Me|Vampire! Vampire!|pBQJX54HowE
Meat Puppets|Rat Farm|snsDKPuSxAc
Meg Mac|Every Lie|AZ-l6FDu7T4
Meg Mac|Known Better|aSIHoQJjDKk
Melbourne Ska Orchestra|Lygon St Meltdown|9YhINSiIgqs
Metronomy|I'm Aquarius|WBwHLFsiE-A
Miami Horror|Real Slow|dDIJ-jqYulI
Microwave Jenny|Only Love|Rn5ubc6kIus
Midnight Juggernauts|Ballad Of The War Machine|Bw8yZGfYHuQ
Midnight Juggernauts|Memorium|CkxHj5OVfu4
Mighty Mouse|In Front Of Our Friends {Ft. Monarchy}|zJhDg5XJGVc
Miguel|Do You|s-BW2gKnVz8
Mikal Cronin|Weight|0S2eTV2v3V0
Mikhael Paskalev|I Spy|nksTXmu1UAg
Miley Cyrus|Wrecking Ball|My2FRPA3Gf8
Millions|Nineteen|dSTtpLuDUAA
Milwaukee Banks|Pluto Bounce|-Msorg1G4wA
Mind Over Matter|Real Life {Ft. K.I.K.I.}|SDhMg9J0mEE
Missy Higgins|We Ride|3wdabOcTAkE
Moderat|Bad Kingdom|3NPxqXMZq7o
Mogwai|Remurdered|sZ5nEuG-CRc
Monchichi|Work|
Money Go Round, The|Endless Sun|d-fuRLTXyMY
Mooro|M66R6|u9tRUiDOWxM
Motez|Ride Roof Back|6ahPJDx8_pU
Mount Kimbie|You Took Your Time (feat. King Krule)|aVBH1qIqe7Y
Mount Kimbie|Made To Stray|7SfFInoSotg
Movement|Us|jpIz5sAu0B8
Mr Little Jeans|Oh Sailor|T5Os1RRYDsA
Mr. Hill  Rahjconkas|Telescope|ZyiUgQ12upo
Murlocs, The|Rattle The Chain|C30Q97E92EA
Murlocs, The|Space Cadet|XlhSpbTApTo
My Bloody Valentine|Only Tomorrow|y2FQ3ih0MoE
N.A.S.A.|Hide {Ft. Aynzli Jones}|Z030yuRcj08
Nahko and Medicine For The People|Warrior People|6IkrAdd8gPM
Naked And Famous, The|Hearts Like Ours|gqUJdcCjUIA
Naked And Famous, The|I Kill Giants|1I56yYHxP2k
National, The|Don't Swallow The Cap|bFnA-8H-5lo
National, The|Demons|N527oBKIPMc
National, The|Sea Of Love|yIWmRbHDhGw
National, The|Graceless|Jpz_gUyImhw
Neil Davidge|Never forget (midnight version)|
New Gods|Razorblades|9qBEuIlp_fs
Ngaiire|Around|GkCqVIOAdwE
Nick Cave  The Bad Seeds|We No Who U R|2kBl86cIV3g
Nick Cave  The Bad Seeds|Higgs Boson Blues|1GWsdqCYvgw
Nick Cave  The Bad Seeds|Jubilee Street|G6rTZe6gtS8
Nine Inch Nails|Copy Of A|pVB_DI4ajKA
Nine Inch Nails|Came Back Haunted|TgwrxcO48N8
Nine Inch Nails|Various Methods of Escape|Om0lCG1RjHQ
Nine Inch Nails|Everything|2l0swKptAqc
Noah And The Whale|There Will Come A Time|T08EafkXARo
Northeast Party House|Youth Allowance|h9J6oO9iMFU
Northlane|Genesis|VdVW-uoikUg
Northlane|Masquerade|mbqu3EKBJuo
Northlane|Quantum Flux|MIajmLP46b4
Obits|Spun Out|W_PqOB9ANRo
Occupants, The|Wonderland|
Occupants, The|I've Been Thinking|oy-50Cqbcyo
Ocean Party, The|Split|Lz-CvXR_3M4
Of Monsters And Men|Skeletons {Like A Version}|G-vkd3-4EdI
Okkervil River|It Was My Season|PjLP1n3h7Vc
Oliver Tank|You Never Know {Ft. Hayden Calnin}|uA8z9vpHCtU
Oliver Tank|Different Speed {Ft. Ta-ku}|CpE07uD0jyY
OneRepublic|Counting Stars|hT_nvWreIhg
OneRepublic|If I Lose Myself|TGx0rApSk6w
Oscar Key Sung|All I Could Do|SxIoBlfRK8A
Oscar Key Sung|It's Coming|8UTiC_KtbSk
Owl Eyes|Nightswim|p8K9ItKJjQg
Owl Eyes|Closure|qxBPf3ZXf-E
P. Smurf|I Heard The World Screaming|Dw4oYIFIedE
PAPA|Young Rut|Vs_m3xaZQP4
PIXIES|Indie Cindy|PDa3cY7U6NA
PVT|Vertigo|87NOXM8ruYQ
PVT|Nothing Arrived {Like A Version}|Wh5TY_MV4j8
PVT|Homosapien|KBLHapT9TB0
PVT|Casual Success|4lm1rS_LA6k
PVT|Evolution|jFT2dIV5h30
PVT|Love  Defeat|2beNP2DWjTU
PVT|Shiver|pbLRNOVUULk
Palma Violets|Step Up For The Cool Cats|LLNekdqdEgw
Palms|This Last Year|DYcIJzw_7oY
Panama|Always|UylPrMcurB8
Panama|We Have Love|DlKYTjvFm-A
Papa Vs Pretty|My Life Is Yours|Vt7FNn2uYqQ
Paper Kites, The|Young|CF8PSGl-aIY
Paper Kites, The|Help Me Lose My Mind {Like A Version}|SDENF4enY8I
Paper Kites, The|St. Clarity|W5nrAHk_x8M
Paper Kites, The|In Reverie|VRh1lax8GUI
Paramore|Ain't It Fun|fDQt4KLRT4M
Parquet Courts|Borrowed Time|ACj-F63GK_M
Parquet Courts|Master Of My Craft|6UFzde_Y_t0
Parquet Courts|Stoned And Starving|a5CvZTIoir8
Parquet Courts|You've Got Me Wonderin' Now|
Passenger|Let Her Go|RBumgq5yVrA
Pataphysics|Breathe In|EGEOqgA00GU
Patrick James|Wait|GmCVZKD_ogY
Peace|Lovesick|J2irlBYxkGo
Pearl Jam|Mind Your Manners|jWQYYavheUA
Peggy Sue|Idle|EM2hmH2UT-I
Peking Duk|Feels Like|S2PxIH6PReE
Pez|The Game|7UyGdzx2yRA
Pez|One Life {Ft Tys}|XSYpeIRa6G0
Pharell Williams|Happy|y6Sxv-sUYtM
Phebe Starr|Tonight|
Phebe Starr|Jurassica|nNuaGBUgpS4
Phoenix|S.O.S. In Bel Air|16h_ZXYNeIw
Phoenix|The Real Thing|zIHX5XwEO88
Phoenix|Bourgeois|Ypma9bJKw1E
Phoenix|Don't|BhQAzyA7TiU
Phoenix|Drakkar Noir|9goJ7YUxKYM
Phoenix|Trying To Be Cool|OePvsCfKHJg
Phoenix|Entertainment|tBsRvthVhdw
Phoenix|Chloroform|kLZWhmfs6lQ
Phoncurves, The|Heartstrings|p1uE-OwG8DI
Phosphorescent|Song For Zula|FcdOLKx2XG8
Pigeon|Two Moon Love|pmsEJWRQVlc
Placebo|Bosco|Cle4qE5Qy2s
Placebo|Loud Like Love|pi_AJxsdOKo
Pluto Jonze|Eject|rDgiQ_6uqVs
Polica|Tiff {Ft. Justin Vernon}|2CzNcXzrZ7Q
Polica|Smug|iZiTkIqZs3Y
Polica|Chain My Name|x7WApON7OGE
Polyphonic Spree, The|You Don't Know Me|hGiEL_BGToo
Pomo|So Fine|nsiq8_Q5CFE
Pond|Xanman|rSFsYvvSXqc
Pond|Giant Tortoise|jvZ9tEb67HE
Portugal. The Man|Plastic Soldiers|
Portugal. The Man|Modern Jesus|q8e1sSNsf44
Portugal. The Man|Evil Friends|-zpBbrXLxP4
Postal Service, The|A Tattered Line Of String|K2xNj630NBU
Preatures, The|Manic Baby|PDUBjS5a4uE
Preatures, The|Is This How You Feel?|M8XmoroZ3zo
Primal Scream|2013|bdCraT9_wk4
Purpose|Comin Home {Ft. Illy, Jimmy Nice  Joyride}|Hox2h8pjIdM
Puscifer|Breathe|O-n31dNUs9I
Pusha T|Nosetalgia {Ft. Kendrick Lamar}|u-2ckLBV21g
Pusha T|King Push|YAFVu_A4OwQ
Pusha T|Numbers On The Boards|DawrlSwHUiM
Pyramid|Wolf|WN-vYp8aeSc
Quasi|Nostalgia Kills|rxryek3ebWU
Quasimoto|Planned Attack|_0sPtj57inQ
Queens Of The Stone Age|I Sat By The Ocean|gOXaUjGk-yY
Queens Of The Stone Age|Kalopsia|T8fuMoW0HAA
Queens Of The Stone Age|Keep Your Eyes Peeled|DhaIb30mJiQ
Queens Of The Stone Age|My God Is The Sun|iFca32_7YUU
Queens Of The Stone Age|I Appear Missing|fCy8pjhl97A
Queens Of The Stone Age|The Vampyre Of Time And Memory|AEIVlYegHx8
Queens Of The Stone Age|Smooth Sailing|qUk4SI9utxw
Queens Of The Stone Age|If I Had A Tail|21pJ2m45P0I
Queens Of The Stone Age|Fairweather Friends|t5GiG7SqcAo
R.A. The Rugged Man|The People's Champ|G5v2ePtIH6w
RAC|Let Go|SeXBiXcEBkY
RAC|Let Go {Ft. Kele  Mndr}|SeXBiXcEBkY
RUFUS|Modest Life|LVXKO8DGOKk
RUFUS|Two Clocks|bJsVRTNQdfU
RUFUS|Rendezvous|SA4h_AqgThY
RUFUS|Take Me|UKa6nkmqHFQ
RUFUS|Tonight|GCa_TKn9ghI
RUFUS|Unforgiven|j32wK02WZ9o
RUFUS|Desert Night|atRKZIKBm7A
RUFUS|Simplicity Is Bliss|U3jLedBQvRk
RUFUS|Sundream|OO-NoNU68fI
Rainbow Chan|Haircut|3J4_4cv0cC0
Rainy Day Women|Ain't It Time|sSDfJWDhebg
Rainy Day Women|Friends|pLqB9SR1wFA
Red Fang|Blood Like Cream|pfmGAfYW1Yg
Regurgitator|Fuck You Sweetness|ZJ6WZLHsDzk
Regurgitator|Mountains|Q_4FmiJjBu0
Remi|Since I Left You {Like A Version}|TzTFghf7gT8
Remi|Sangria|YNUD19rgB6g
Remi|Saggin|uy0CqlS3xcw
Rhye|Open|sng_CdAAw8M
Riton|Lost My Mind|cSI_9QOD2_M
Robbie Miller|Don't Go Walking Away|MsfdJap8FGg
Robert DeLong|Change (How You Feel)|v44_7X5JmKE
Robert Delong|Global Concepts|nnSyu4eZkZ4
Robert Delong|Happy|0XlARVImjVo
Robin Thicke (Ft. T.I.  Pharrell Williams)|Blurred Lines|yyDUC1LUXSU
Rosie Lowe|Right Thing|7UBhcUbCqBs
Royal Blood|Out Of The Black|-_3mNCaJgNM
Royksopp|Running To The Sea {Ft. Susanne Sundfor}|VFZREifFcEs
Rubens, The|Friday On My Mind {Like A Version}|dTCssVzTluY
Rudimental|Waiting All Night {Ft. Ella Eyre}|M97vR2V4vTs
Rudimental|Ready Or Not {Like A Version}|BOSw-Ub6CvU
Rudimental|Hell Could Freeze|dywa3i7lXxE
Rudimental|Right Here (feat. Foxes)|hbRU-HbsqUw
Rudimental|Home|BvpOtqv8_9k
Rudimental|Free {Ft. Emeli Sande}|KDPW_g2AhAU
Rudimental|Feel The Love (feat. John Newman)|
Rudimental|Right Here {Ft. Foxes}|hbRU-HbsqUw
Rudimental|Baby {Ft. Mnek  Sinead Harnett}|tveH9jg1FRA
Rudimental|Hide {Ft. Sinead Harnett}|0NYY9qaeTe8
Rudimental|Powerless {Ft. Becky Hill}|tGl665t5PLk
Rufus|Imaginary Air|_WjjeGltLGc
Run The Jewels|Banana Clipper {Ft. Big Boi}|elafeeA3QFE
Ry X|Berlin|cFXN20bpWtY
Ryan Hemsworth|Perfectly|dGrX9_4C8j4
RÜfÜS|Desert Night|atRKZIKBm7A
SAFIA|Listen To Soul, Listen To Blues|hWe3eEqwPPs
Sage The Gemini|Gas Pedal (Motez edit)|Gu2yAZnv3_U
Sam Smith|Money On My Mind|gVa5HUGGPmo
Sam Smith x Nile Rodgers x Disclosure x Jimmy Napes|Together|KsU189WyU68
San Cisco|Rocket Ship|RN0Q932ssCw
San Cisco|Awkward|ukNOaKeUEQY
San Cisco|Beach|7pl2L-ldozI
San Cisco|Wild Things|h32_wNcjLZA
San Cisco|Metaphors|QA_fuEeCRRQ
San Cisco|Golden Revolver|A1nPs2WH_UQ
San Cisco|Get Lucky {Like A Version}|Bf8Tda6rmi4
San Cisco|Fred Astaire|ultX5ZR-sQE
San Fermin|Sonsick|Ld81Y6Em3NM
Saskwatch|Hands|qnE9CPmqYe0
Saskwatch|I Get Lonely|Hac3g5QbbNc
Savages|Shut Up|FuIB8HEmnoY
Savages|Hit Me|MctnSP9yCsg
Savages|She Will|kebq-cENNn0
Saviour|Strength|803vnzGZg6k
Sea Legs|Take A Little For Yourself|
Seekae|Another|qOkVwW64WyA
Seth Sentry|Punch In The Face {Like A Version}|AskD3RtcARs
Sharon Van Etten|People They Ain't No Good {Like A Version}|
She  Him|London|7Eyu1mpwPnY
Shining Bird|Distant Dreaming|JpouMXpR-eA
Shockone|Big Bounce|guQ1youdFRE
Shockone|Universes {Ft. Phetsta  Reija Lee}|agxAl92Uf3c
Shockone|Lazerbeam {Ft. Metrik  Kyza}|pJ8LNxuEGcw
Shockone|Home {Ft. Reija Lee}|RTAtYBcVIV0
Shockone|Lose Control|jjuZ0okWsn0
Shockone|Infinity's Silence|mocQDEPaMjg
Shockone|Harmonize|db_AwOCtbAc
Shockone|Light Cycles|1oSxF0cNlNM
Shout Out Louds|Destroy|W4JEerGkN_Y
Shy Kidx|Orion|IVofpqF54zI
Sia|Elastic Heart {Ft. The Weeknd  Diplo}|WtU0agXPNdM
Sierra|Imagery|I2LV60GPSYQ
Sierra|Chase|vFj0QCfyOPI
Sietta|Let It Go|kbnmH-WFm6M
Sigur Ros|Kveikur|Zl1__PhECzg
Sigur Ros|Isjaki|
Sigur Ros|Brennisteinn|Oc6zXSdYXm8
Simone  Girlfunkle|Secret|DBO3aCUBpTM
Sincerely, Grizzly|Us; or Optimism|
Sinjin Hawke|Promnight|
Sinking Teeth, The|Temporary Living|uqNMjQkac6o
Skaters|Deadbolt|55--lgQ7AT4
Skeleton Jack|Moonbeam|
Skipping Girl Vinegar|Making Our Way|B1RrGeQPIOE
Skrillex|The Reason|PoTp-TaOf_0
Skrillex  Alvin Risk|Try It Out|-iQRaZje0RA
Sky Ferreira|You're Not The One|IFCZP1Nz3Ds
Sleigh Bells|24|
Sleigh Bells|Bitter Rivals|Cr-ahiFDkts
Smith Street Band, The|Ducks Fly Together|YD8mp5G0ja8
Smith Westerns|Varsity|ykOK2XZ80vg
Snakadaktal|Hung On Tight|MNN1JWnXzyQ
Snakadaktal|Fall Underneath|TmDS_shIvQ8
Snakadaktal|The Sun II|keDoOlmf8m4
Sohn|Lessons|e17iXDf0NGE
Solange|Lovers In The Parking Lot|Ed0BMSfEwuI
Something For Kate|Sweet Nothing {Like A Version}|TWT95XylU90
Son, The|All I Know {Ft. 360  Jackie Onassis} {Jackie Onassis Remix}|
Sons Of Rico|I'm Not Thinkin' About You|58MXh55Ibzw
Sons Of The East|Hold On|3KAegTxyO1I
Sophie|Bipp|MVc3Z-bG6Eo
Sound City Players|From Can To Can't|d2GCp8vs168
Sound City Players|Centipede|nf4L_OQOZsk
Speedy Ortiz|Tiger Tank|-V3hM-YDsOk
Spender|Bed  Chair|HgU3rROkeIE
Spiderbait|It's Beautiful|lcWT09t18NQ
Spiderbait|Straight Through The Sun|EVqYzazCX0Q
Spit Syndicate|Latch {Like A Version}|sxR1sH6Nhjk
Spit Syndicate|Folly|m_POeM9Us8A
Spit Syndicate|Amazing|uETYU7i5d9k
St Lucia|Elevate|n-sKMiNqTjs
Sticky Fingers|Australia Street|TETVNH3k8Ag
Stonefield|Put Your Curse On Me|EUhaDppM1B0
Stonefield|Love You Deserve|Oddr4WKYkFk
Storm Queen|Look Right Through {MK Dub III}|bOH-a6yYoo0
Stormchasers|Someone Else|
Strokes, The|One Way Trigger|itY62ToB5SE
Strokes, The|All The Time|TJC8zeu3MHk
Strokes, The|Tap Out|-7PINAYE4z4
Strokes, The|50/50|BgkGx8A85r0
Strokes, The|Partners In Crime|lSPQWBrcxmA
Strokes, The|Happy Ending|VbXcthY4124
Strokes, The|Welcome To Japan|hxsPF4bsDmc
Strokes, The|80s Comedown Machine|
Strokes, The|Slow Animals|V5FH3o6icWY
Stromae|Formidable|S_xH7noaqTA
Stromae|Papaoutai|oiKj0Z_Xnjc
Strypes, The|What A Shame|2gQbnLCgLCU
Subs, The  Etienne De Crecy|The Moment To Give|GuI1F6Bk4kk
Suburban Dark|Mind Reader {Ft. Jeswon}|M17PKsPVZTI
Suburban Dark|Skeletonne {Ft. Jeswon}|poLJLqAh5dY
Sugarpuss|Drinking Alone|I9ut--VFMPo
Sugarpuss|Fallin' Outta Love|m8vdHRpP1vE
Super Best Friends|Round and Round|5H7BTKTOwLE
Super Wild Horses|Alligator|jPv0K4--NFM
Superchunk|FOH|zk2MnAz7lcM
Sures|Waste|o7QOTxPxuPo
Surfer Blood|Demon Dance|T99JYIq0Xtk
Sweet Apes, The|Flight|QWVJqaCQjXQ
Sweets|Swagger|Dg7b8ICs8sE
Swimming|Triplebrie|8984PuPaj_w
Swiss, The|Elouisa|w9I1W2ILh2w
Swiss, The|Kiss To Kiss|pyynDHLimT4
THE BAMBOOS|JUMP MY TRAIN|nRrXK-hPlAQ
TNGHT|Acrylics|Gm7XRkpkti4
TV Colours|Beverly|fCk6XWn3j-s
Ta-ku|I Miss You|BrdNo1UJID4
Ta-ku|Wurkit|3VnStv_uZPw
Tales In Space|Shades|e1Iw8p2t4ng
Tame Impala|Prototype {Like A Version}|I2CoBgo7vnY
Taylor Swift|Sweeter Than Fiction|-QfAY4uzWDY
Teeth  Tongue|Good Man|jCmQAk2Twz0
Tegan and Sara|shock to your system|WSjUwKUjjLk
Temples|Mesmerise|F3FUJkxCK7g
Temples|Shelter Song|vs4i41cOv0s
Tensnake|58BPM {Ft. Fiora}|
Thao  The Get Down Stay Down|We Don't Call|fMEa0ypZByA
Thao  The Get Down Stay Down|City|73RgDF_BoS8
Thao  The Get Down Stay Down|Human Heart|
Thao  The Get Down Stay Down|The Feeling Kind|dIH6vCNJYss
Thao  The Get Down Stay Down|Move|-S-aQxOnUbU
Thao  The Get Down Stay Down|We The Common (For Valerie Bolden)|Np_aWvxc8vQ
The 1975|Sex (Album Version)|y6tq6Fzxq1k
The 1975|Girls|QkubQCI4Fxo
The 1975|Sex|UKIhXi-yiw8
The Avalanches|Stalking to a Stranger (Planets Collide Remix)|O0yS0E8mDBg
The Bamboos|Avenger|sVjgNC6QHyA
The Black Lips|Veni Vidi Vici|6JyPU_mgqFs
The Bloody Beetroots, P-Thugg|Please Baby|ApWWkikEKZg
The Bronx|Youth Wasted|ESxWWvbzlzc
The Cat Empire|Steal The Light|jluQyS4lFpY
The Cat Empire|Brighter Than Gold|QM_rIaUm7ac
The Drums|Money|IqYgNiZdfh4
The Growl|Cleaver Lever|yTX_Wi27PV8
The Hics|Tangle|bOvZ3GHRce0
The Hounds Homebound|Diamond People|WrNal3Ltd9s
The Jezabels|Morgane de toi|
The John Steel Singers|MJ's On Fire Again|
The Killers|Shot At The Night|X4YK-DEkvcw
The Love Junkies|Baby Come Home|oLyysUgwOVs
The Lumineers|Ho Hey|zvCBSSwgtg4
The Naked And Famous|Hearts Like Ours|gqUJdcCjUIA
The National|I Need My Girl|C0xixWrzC7E
The National|I Should Live in Salt|JK-EF9fAHIY
The National|This is the Last Time|-VVp-tKqFNY
The National|Sea of Love|yIWmRbHDhGw
The National|Fireproof|RZYvxI_YRSQ
The National|Graceless|Jpz_gUyImhw
The Neighbourhood|Sweater Weather|GCdwKhTtNNw
The Paper Kites|Young|CF8PSGl-aIY
The Pigeon Detectives|Animal|yvNOKEUHEC4
The Preatures|Is This How You Feel?|M8XmoroZ3zo
The Sheiks|Tennessee|
The Shouting Matches|I Had a Real Good Lover|XST6RWpnyn4
The Smith Street Band|Bigger Than Us|BmR_YnjKi3s
The Smith Street Band|Ducks Fly Together|YD8mp5G0ja8
The Smith Street Band|Don't Fuck With Our Dreams|c_S5Ztgkpj0
The Smith Street Band|Young Drunk|QtS83iJM5ck
The Strokes|Chances|JCFwEXhz334
The Vaccines|Melody Calling|iJPqJwdCXpw
The Wombats|Your Body Is A Wepon|
The kite string tangle|Given the chance|6qBwQtTHu4g
Thee Oh Sees|Minotaur|aeD3-sdGf1c
Thelma Plum|Dollar|GWfjEUAndtU
Thelma Plum|Around Here|ol6ZYjcKThI
Them Bruins|Outrun The Future|THDP05f8yTQ
Them Swoops|Too Fast For Love|4BSe7AaMP5Y
These New Puritans|Fragment Two|ftvICVWLBKY
Thief|Broken Boy|1rJFQ-d1FCg
Thumpers|Sound Of Screams|qD7rK8-P1DQ
Thundamentals|Smiles Don't Lie|MU6lQGbr_SU
Thundercat|Heartbreaks + Setbacks|PqL5vSFFwxw
Thy Art Is Murder|Reign Of Darkness|47Plg93oJ1M
Tigertown|What You Came Here For|Jheg_YgKbug
Tijuana Cartel|Candy|xkjzxvplkjA
Tincture|Tryst {Ft. Hazel Brown}|6fXhY7eE42A
Tkay Maidza|Brontosaurus {Ft. Badcop}|vV9lX9fQubY
Tom Balard|Same Love (Doggy Style)|cbT7lEHFDGw
Tom Lark|Go Get A Job|c5OlCNTgXug
Tongue, The|Champion Sound {Ft. Blak Twang}|
Tonight Alive|The Fire|uZa9IXz5sk4
Tonight Alive|No Different|7MCrkHAu9IU
Tonight alive|Lonely girl|yrkfkwzChoM
Toro Y Moi|Harm in Change|fkChlomnsG4
Toro Y Moi|Say That|gGmfOsdla2Y
Toro Y Moi|Rose Quartz|8ID1plssS4s
Touch Sensitive|Pizza Guy|1uXrXTSASK0
Touché Amoré|To Write Content|jFwIHnbOyrg
Tourism|A Song For You (Once Beaten Black And Blue)|
Toy|Endlessly|o1Yre4Gmb-E
Tree|Karma Police|K3jE0sr_wbM
Trentemoller|Never Stop Running {Ft. Jonny Pierce}|JrDLxVfWEjY
Trouble With Templeton, The|The District Sleeps Alone Tonight {Like A Version}|56-jrpuZLnM
Trouble With Templeton, The|Like A Kid|RXmxsQJXNbM
Trouble With Templeton, The|You Are New|QBruW1DCs38
Tuka|I'm Into You {Like A Version}|5qFgadVAw5w
Tully On Tully|Stay (feat. Hayden Calnin)|eQgZPZXEnkA
Tully on Tully ft Hayden Calnin|Stay|eQgZPZXEnkA
Tv On The Radio|Mercy|P0Ji2sxk0Uc
Twin Shadow|Old Love / New Love|JFiDnErxU_A
Two Door Cinema Club|Undercover Martyn|LLK4oaXUuLg
Two Door Cinema Club|Changing Of The Seasons|ovnCXhogusc
Two Fingers|Jake Bugg|J9XwFecNXyU
Tycho|Awake|VZBrZV3nHAA
Tyler Touche|Heart In Motion|OJnjXy5jSrg
Tyler, The Creator|Ifhy {Ft. Pharrell}|3lDqMx4rmFU
U2|Ordinary Love|XC3ahd6Di3M
Under Scarlet Skies|Sanctuary|5zNYpNVe-HQ
Unknown Mortal Orchestra|Ffunny Ffrends|c-36lCKovBg
Unknown Mortal Orchestra|So Good At Being In Trouble|PERf5un2nC0
Unknown Mortal orchestra|Secret Xtians|U1QZbtoPuUI
Vaccines, The|Melody Calling|iJPqJwdCXpw
Vampire Weekend|Step|_mDxcDjg9P4
Vampire Weekend|Finger Back|2oPbpPIG_mQ
Vampire Weekend|Don't Lie|25Zmyh1PbW4
Vampire Weekend|Diane Young|oG6lTQNW04I
Vampire Weekend|Unbelievers|oIcjA5ykloI
Vampire Weekend|Worship You|-wpvnEH0-78
Vampire Weekend|Hannah Hunt|lJCIhDQkqTQ
Vampire Weekend|Obvious Bicycle|ANznirklths
Vampire Weekend|Hudson|H-o3RYugsfU
Vampire Weekend|Everlasting Arms|q6FjwUwJup0
Vance Joy|Play With Fire|oGxT7A4LLz8
Vance Joy|Riptide|uJ_1HMAGb4k
Vance Joy|Rolling In The Deep {Like A Version}|XnRhPH5O5jA
Vancouver Sleep Clinic|Vapour|GX1xm95htPo
Vancouver Sleep Clinic|Collapse|MaQVnpzm4Wc
Villagers|My Lighthouse|oDPMn6RWCDk
Villagers|Earthly Pleasure|4uSTkb3s5Xs
Villagers|Nothing Arrived|iDEzRraYgA8
Villagers|The Bell|x2bzaH_wPhk
Villagers|Passing A Message|VGdS-AH6K8o
Villagers|Judgement Call|1GO_yDgTAzs
Violent Soho|Dope Calypso|J6LM-5-oC-k
Violent Soho|In The Aisle|QRMFNDgMq-U
Violent Soho|Covered In Chrome|RN9NC4iQcsA
Vista Chino|Dragona Dragona|x7kUwTk2vfk
Volcano Choir|Acetate|OPrtMyVelVs
Volcano Choir|Comrade|Vvp305B9FoQ
Volcano Choir|Byegone|_MqA0a5iw5k
Vondelpark|Quest|GukSWwq4sMo
Vydamo|One Way Trigger {Like A Version}|1GkZhXcWm_A
Vydamo|Hurricane|cVBHesw3n48
Warpaint|Love Is To Die|OnuFYYJHaY0
Washed Out|It All Feels Right|qJILRWBKnQ4
Wave Racer|Rock U Tonite|_FD5u2TO-f8
Wavves|Demon To Lean On|lG8HCFQa3OQ
Wavves|Sail To The Sun|lfPNbZB6PvM
Wavves|Afraid of Heights|nIL_967-Ows
Waxahatchee|Coast To Coast|HHivBJoFa_0
Way Of The Eagle|Rattlesnake {Ft. Dan Sultan}|kqSlR9gSFrw
We Are Scientists|Return The Favor|p6yJ0_TvZDU
Wet|Dreams|XNP72hoCsps
What So Not|High You Are|B2m_WnXjqnM
What So Not|Touched|OVEkLrRvqWM
What So Not|Jaguar|x0tqBcCuNa0
When We Were Small|Untied|YKeQIqm_qj4
White Denim|At Night In Dreams|ZOJbPpdP84k
White Lies|Big TV|-ginZHdA_f8
White Lies|Getting Even|6ob6Eps2Jvw
Wil Wagner|Laika|MmBC7qW1WpA
Wilkinson|Afterglow {Ft. Becky Hill}|I9QGpHScGug
Will Sparks|Ah yeah|2T2IUkSC_1A
Will Sparks  Joel Fletcher|bring It Back|6UaLDogobUQ
Willow Beats|Alchemy|5Lk1Fpw1bfc
Willow Beats|Blue|IsqZJsui1hE
Wintercoats|Halogen Moon|cvgcHlhXCaA
Wolf  Cub|I Would Die 4 U {Like A Version}|
Wolf  Cub|I Need More|eIefgfcO7v8
Wolf  Cub|Salao|fUZldi2NJhw
Wolf Alice|Bros|oX7JkdyTHBw
Wolf Alice|She|GpnGp7N4tfU
Wombats, The|Your Body Is A Weapon|2Q74TyTUrTo
Wooden Shjips|Back To Land|HiBn47-oBck
Wordlife|Breakthrough|RJ7CxHvtZLQ
World's End Press|Drag Me Home|61K4PwjqsSQ
World's End Press|My Salvation|
World's End Press|Elephant {Like A Version}|dKY0JIsjShs
World's End Press|Reformation Age|gVJTxZoWKgo
World's End Press|Deadbeat Sweetheart|VzigWxltMzI
World's End Press|That Was A Loving House|ypfrja3EElg
World's End Press|To Send Our Love|vggs5PGFK3w
Worriers, The|Little Lucy|fAlRfcJCLlw
Yacht|Second Summer|Z4kyMhIvL_Y
Yeah Yeah Yeahs|Buried Alive {Ft. Dr Octagon}|4I-CVWwWwgg
Yeah Yeah Yeahs|Mosquito|3dx8aLDJrAY
Yeah Yeah Yeahs|Sacrilege|jmRI3Ew4BvA
Yeah Yeah Yeahs|Despair|Cvrjn_pF9tY
Yeah Yeah Yeahs|Always|-CFsLb8ZBD0
Yeah Yeah Yeahs|Slave|rPtna3Thvzc
Yeo|Girl|np7eJ94gD_c
Yesyou|So Much To Give|OXRgGnHREUg
You Am I|Super Rich Kids {Like A Version}|dfsPzmJAiK8
Young Lions|Prison Pains |E9p5LMzZH6s
Yuck|Middle Sea|-VnRrIVQMaY
Zeahorse|Pool|zvSSpYH-BP4
Zebra Zap|Some Said|
allday|eyes on the road|LJ0B20iuKc8
brad holder|stay the night|Ej_rcVQRTEU
dan le sac Vs Scroobius Pip  Flux Pavilion, Dan Le Sac vs Scroobius Pip, Flux Pavilion|Gold Teeth|K4ZuaVxBog8
flume|holdin on|X_H3cIsenBQ
rudimental|free|KDPW_g2AhAU
solange|losing you|Hy9W_mrY_Vk
test|test|7RCX6tEba1Q
